Gamertag,Gender
MkLeo,M
Maister,M
Tweek,M
Tea,M
Dabuz,M
Wrath,M
Nairo,M
zackray,M
Toast,M
Paseriman,M
Nietono,M
Light,M
MattyG,M
Samsora,M
Elegant,M
VoiD,M
Kola,M
Glutonny,M
Shuton,M
Kameme,M
Raffi-X,M
Marss,M
Dark Wizzy,M
Prodigy,M
Stroder Ame,M
Salem,M
Cosmos,M
Grayson,M
Mystearica,F
MuteAce,M
Charliedaking,M
Leon,M
WaDi,M
Fatality,M
NAKAT,M
Roxas,M
Kome,M
ScAtt,M
Ned,M
Raito,M
king_chris,M
Vinny G,M
varun,M
Riddles,M
Ravenking,M
BestNess,M
ven,M
Comet,M
????,M
Slime,M
Sonido,M
Puppeh,M
Suinoko,M
Zenkai,M
Epic_Gabriel,M
Zinoto,M
Ksev,M
Gackt,M
Ryuga,M
LingLing,M
Pandarian,M
Aaron,M
MastaMario,M
White Girl 6 9,M
Katakiri,M
Ninja,M
Pelca,M
8BitMan,M
Kyros,M
Axiom XL,M
Panda Bair,M
Lui$,M
MVD,M
Plup,M
Ralphie,M
TonyZTank,M
RFang,M
Suarez,M
DM,M
IcyMist,M
Regulating_Mofo,M
AceStarThe3rd,M
blanc,M
Gomakenpi,M
Magister,M
Blacktwins13,M
kept,M
San,M
Perkinips,M
BANG!,M
Rickles,M
Myran,M
Goblin,M
EKING,M
Snatcher,U
Zie,M
Lima,M
Purp,M
Litany,M
Laid,M
Wall,M
TheRed,M
Tojo,M
Loaf,M
SuperGirlKels,F
Etsuji,M
ApolloKage,M
BooBear,M
LightningCam,M
Mateo,M
Runes,M
Bonren,M
Kazma,M
Grape,M
Mr. E,M
Daybreak,M
Rivers,M
Ison,M
C.Falcon,M
saj.,M
Cookietic,M
Tachyon,M
Kwaz,M
Doorstop,M
Kepler,M
Kobe,M
Hungrybox,M
Geist,M
PsyKoD,M
Noe3,M
Orex,M
Juice,M
SKITTLES!!,M
Geez,M
Twisted Ego,M
Cisco,M
NEO!,M
Visitor,M
Balanced,M
Bruh-Man,M
NapTime!?,M
yeti,M
Ryoku,M
Marce :/,M
FanFu,M
colinies,M
Jayy,M
Dr. Copter,M
Seth,M
Kamui,M
Mew2King,M
Tenni,M
Fooly Weekums,M
ChocoTaco,M
Obsidian,M
Uncivil Ninja,M
Legit,M
Cheesey,M
Hazmatt,M
AvoiD,M
Gumbo,M
Deluxemenu,M
AndrewT,M
Beast,M
Rawk,M
Yoomoo,M
SNooFL,M
Shmael,M
Glacey,U
Pellonian,M
SETHsational,M
Seibrik,M
Zen,M
Lucky,M
Temptation,M
Sayuki,M
YellowRello,M
RichardIcecube,M
Balanced,M
Gidy,M
Frawg,M
Koi,M
Snoop,M
Zenyou,M
Drump,M
Llany,M
Earl,M
LunickTMM,M
xoxo,M
BT,M
CptPuff,M
Burst,M
Hawk,M
Skorpio,M
Abyss,M
GoMan,M
DoctorKayh,M
Pwndahbear,M
D-Money,M
JusLiv,M
WinterShorts,M
CakeAssault,M
DNA,M
Rin,M
Sllipsis,M
Aexw,M
DankLouie,M
Momo Ari,M
Voltz,M
Smirk,M
Jackie Peanuts,M
Bowlin,M
Adorable Knight,M
Mac Attk,M
Q.,M
K.I.D. Goggles,M
Dux,M
Scarby,M
Zander,M
ParaCane,M
Liyrex,U
Superhero!,U
Dylster,M
Nen,M
TLOrEo,M
Key,M
Eden,M
Carlos,M
Fritos,U
NickRiddle,M
Try Hard Train,M
FullStream,M
Shoe,M
Nebula,M
Quaggles,M
Linus,M
NEO!,M
Dingus Joe,M
ATATA,M
Rocke,M
Vermillion,M
Carls493,M
Biddy,M
IWR,M
Sleepyhead,M
Nito,M
Brr,U
sam,F
DrWatts,M
Frozen,M
Grunk,M
WhiteFang,M
Eclipz,M
ben 9 9 9,M
Mr E Box,M
Chrome Kingfisher,M
K9sbruce,M
Grady,M
Edwin,M
Advo,M
<-/ben,M
player 4,M
Amaryllis,M
CrowZ,M
Keydrian,M
Sandbag,M
Zagoo,M
UR2SLOW,M
BlazingPasta,M
smasher1001,M
Lavish,M
Snorley,M
Mindset,M
WonderBread,M
Zoan,M
bashmo_4,M
Solar,M
CoinFlip,M
Jopan,M
BRAND,M
some degenerate,M
JAQ_,M
KnucklesUp,M
Deus,M
SHADIC,M
Nectar,M
Dynamite,M
Vision,M
DTF,M
Hydra,M
Keitaro,M
Keeba,M
PI,M
AngryAlph,M
Sunfish,M
Brosa,M
Quilly,M
E-serpent,M
MrG,M
Ventuswill,M
K1IllaaG,M
Taki,M
Yohma,M
SuqAta,M
PC3X,M
Gabbah,M
Bringus,M
Vlone Flex,M
Lux,M
Geo S.,M
Fang,M
Castle,M
Tira,M
Aeros,U
Freakzoid9000,M
Boom,M
~King,M
DeatUnBeat,M
Radiant Guts,M
Colm,U
Afmbot,M
Shion,M
Loge,M
EZ,M
Masklink12,M
Gringo,M
Cap,M
Lumberjack Rakon,M
KingZaddy,M
Fat_Aime,M
Naga,M
Spaget,M
Lucius,M
Aghi,M
Roy,M
Emma,F
Nerfan,F
Mr. Spikes,M
10S,M
Chia,F
Cam I Am,U
Oats,M
Eel,M
Baby,M
Quark,M
FusionXI,M
Cyanide,M
SoulArts,M
BiggieCheeze,M
Syco,M
Moist,M
Haarsnow,M
Kasen,M
Arconi,M
Aikota,M
Slaps,M
Plague_2,M
Nibble,M
Wormy,M
WOOD,M
Shay,M
TimPrater,M
Blade,M
LordTet,M
tamim,M
Radda,M
CD,M
Onua,M
big_mak,M
Sync,M
Johann,M
Anivia,M
Troid,M
Qtip,M
WelfarePickles,M
SuperStatic,M
Komota,U
Akita,M
RowPow,M
deb,M
Moonside,M
gooth,M
Zetakai,M
Elusive,M
ORPH,M
Commander Ice,M
Phantom,M
Ilikepieinmouth,M
Big Daddy Cox,M
Stactician,M
Chinchillin,M
lean,M
Artisan,M
Professor Cube,M
Pauleke,M
Minstora,M
Dr. BlackGuyGamer,M
eon,M
Nefarox147,M
Captain Andrew,M
Monee,M
Alphamew,M
KING DONG,M
Relic,M
snowblack,M
JonRob,M
Jonney,M
scooter388,M
Hubba Bubba,M
Updraft,M
mirrorman,M
BBaller,M
AgniKai,M
Moonside,M
Poolboy,M
StrawberryPimp,M
Randapanda,F
Relgelitoo,M
Guap,M
PixlSugr,F
Myth,U
Ikemefuna,M
Gameliking,M
HAWKER,M
Logster923,M
CUSH,M
Lion,M
Broly,M
Point_,M
Minic3211,M
Saturn,M
Reg,M
Aura Wolf,M
Ceej,M
Axel,M
Mavado,M
Kobomb,M
Eval,M
MASS,M
Drago,M
Oz!,M
Camel,M
Spectral,M
Aura,M
Tafari,M
Dr. Clean,M
Snore,M
BlaiseAgain,M
triscuit,M
ktrZetto,U
Wefflez,M
Strider Blue,M
QD,M
Aqua,M
LtWaffle,M
Biscuit,M
RZI,M
Vernai,M
Vandio,M
RAYN,M
Howitzerror,M
INUMARU,M
Maspandey,M
Sizzler,M
Fulk,M
LV40RAICHU,M
Sketch,M
Gale,M
Gemini,M
john,M
ThePorkyForge,M
good,M
Katsu,M
Shadow,M
Orpheus,M
Mute,M
J3nkins,M
sfada,M
Jeff,M
Regnilla,M
Presher,M
Bakin,M
Radiant Guts,M
Nice,M
NoodleS,M
Masaru,M
WaWa,M
SilverPC,M
Little Fang,M
Nhazul,M
iN10T,M
Natu,M
Ln0,M
Squiggles,M
Nuhuh,M
ZG,F
Hihahaba,M
Chica,M
Yat,M
Humanperson666,M
doodoochan,M
Zaqk,M
Dojo,M
Cannon Red,M
Mohs,M
Miloni,M
Mata-Door,M
Rox,M
Lumos,M
fourside,M
Forseti,F
CrispieCord,M
ASSMAN,M
adamaserb,M
WaVe,M
tshirt,M
Lunar,F
Serge,M
Shammon,M
arico,M
teakay,M
Lemon,M
manners,M
Yuko,M
MR. Monday,M
Deydis,M
Mitten,M
JaceB,M
PO,M
BlackTactiks,M
DIce,U
Dandoo,M
DrKBlaze,M
Aiakos,M
Fire Nation,M
2D,M
Paintdots,M
Snare,M
Jessku Hatsune,U
milktoast,M
Haubs,M
Berserk,M
Yoshi Kirishima,M
WrathHatter,M
TDT,M
Dingle,M
Theta,M
Chaltier,M
Rowdy,M
Guy,M
Bayless,M
NoG,M
Remo,M
Kingkhoung,M
KJez,M
Luggy,M
zinc,M
AceDeuce,M
ColdWeatherr,M
Flufftea.,M
Julian,M
Mr.V,M
Natural-D,M
PECO,U
Titan_Unlimited,M
Fizz,M
Sho,M
WurbleNurfer,M
Mamba,M
Lucky9,M
Bob Ross,M
Butter_Biscuit,M
Goofzillers,M
StoopKid,M
BOAT,F
Twiz,M
KeJovan,M
Raymar,M
Sun,M
Daramgar,M
Failuyr,M
Daithe,M
Zhengito,M
Pikmanz,M
Zam,M
Weeblewobs,M
blue1442,M
Adge,M
Lady Pixel,F
Samet,M
Oneironaut,M
BugCatcherWill,M
scorps,M
TS64,M
Mic,M
Xehanort,M
RIP_Bonk,M
Sir.Stabby,M
Big Ounce,M
Bananapeel85,M
The Flash,M
RipCombo,M
Tapu Jerry,M
Vertigo,F
Bop,M
Boomanter,M
Kai,M
Ace,M
AceVenCherro,M
Lightning,M
Nixx,M
Sinichi,M
Wolf0412,M
Smashford,M
hiphopfrogs,M
Merrick,M
Clemet,F
kirin,M
Rembrall,M
wooper goes woop,U
S46,M
Oljace,M
Vipermoon,M
JoWii,M
Seeker,M
Dizon313,M
AFB,M
adamaserb,M
Eric,M
Hot Soup,M
Cereza,M
TLOU,M
Run Blade,M
Zephyr,M
Blaxe,M
Howza,M
SwayzeExpress,M
Leaf,M
Okami,F
Nuggz,M
Meda,M
Tenebignis,M
Stu,M
Sakamoto,M
Vengance,M
Barefoot,M
Beard,M
MN Strider,M
King_Kc_Cornflake,M
Mycall628,M
Chef,M
v9,M
Casperdile,M
Bluedanes,M
KELCOM,M
Duke,M
Tribby,M
Rubedo,M
Kenta,M
Maquinita,U
Valtreous,M
Sofa King,M
Trick-Star,M
ArtOfVinsanity,M
Pixel,M
Hex,M
Karinole,M
Flashfire,M
JohnSwitch,M
Mossy,M
M3gamind,M
Kilam,M
HesitantOdin,U
Schmidty,M
D0ubl3St3p,M
Gnarface,M
Couch,M
J-Rush,M
Abe,M
Grimmz,M
Kassy,M
LOAFER,M
Wiki,U
Mayne,M
CliQs,M
Nikko,M
JP,M
Benjamin K,M
Relldiam,M
PrivateQuantum,M
Apollo,M
DoughBoi,M
Blaze,M
Silent Bean,M
WutDolDo,M
sasquatchka,M
KTE,M
LuffyDeku,M
TheDeltaSmasher,M
Maximoose,M
Sniff,M
Jeremy,M
Confuzzler,M
TheEternalCowboy,M
Skinny Man,M
LIMA,M
CRB,M
Linger,M
Jonathan,M
PolarBair,M
Victus,M
Blooangel,M
Aeryn,F
Astric,M
Blizzard,M
Kaaeru,U
MrSmith,M
Strix,F
Meta,M
Aneko,F
Benoit,M
BIG ANBU CREPS,M
Frosty,M
Cyclops,M
WHJ,M
ME3P,M
mom,M
Klimkow,M
YungC,M
Frosty,M
Roadhouse,M
RyanDCB,M
WT,M
Pajarito,M
atraino3,M
Kaian2,M
wolfiibasedgod,M
Prod,M
Sad,M
Lolruss,M
Rofeky,U
Trick Guy,M
Matador,M
Kachurin,M
FROMAN,M
MRW,M
bleye,U
Dancer,M
Lucian,F
Micro,M
Batman,M
GB_Paul,M
nFarquad,M
Bsmith15,M
Eddie G,M
Shook,M
Jory fool,M
sinnyboo242,M
Qwerty,M
Waltz,M
Gromp,M
Gen,M
Bankai,M
FROOT,F
GwJ,M
Cashew,M
PROTO,M
Bot 2k,M
MXYIS,M
Odda C.,M
Babs,F
Timmytomma,M
Parabellum,M
Infuse,M
Sorry,M
King of Hearts,M
GL1TCH_D0CT0R,M
Swordfish,M
Nep,F
SilverSol,M
EXO,M
HaRVeSTMGS,M
Cheeky!,F
The Bowz,M
Ehhggs,M
BIG FIF,M
Itswebbj12,M
FHRN,M
OPFrank,M
Gamer-man,M
naleek,M
Timko AF,M
Souplex,M
Astra,U
Sid,M
Koala,M
The Grand Admiral,M
soggymonkey,M
Drewski,M
Jake,M
RAZR,M
KoNflict,M
Cheez,M
AceCyan,M
HZMERCY,M
Fredo,M
juru,M
Bad luck Ryan,M
50cal,M
PhunkySal,M
Sauce,M
EmptyETank,M
Azura,M
ShootyIndigo,F
Seraph,M
Pulse,M
Yun Ecchi,M
pogonagecko,M
AxL,M
Quentendo,M
DaMaGe,M
Fabian,M
Angross,M
Baren,M
Dbrue,M
Jolt92,M
Default,M
fungUs,M
Xylo,M
Pig,M
Meary,F
OgreRated,M
Greenhouse,M
ch0mp,M
Kyoto,F
Bobble,M
Requiem,M
Onlymethod,M
BLS,M
Puttbuns,M
Sliggins,M
Lv100Cubone,M
Improv,M
Anime Boy II,M
manicfinch,M
Xinnie,F
Adapt,M
Occam,M
Absolomb,M
Simba,M
Swampert,M
Aquatic,M
ZettaSlow,M
Juri,M
OleHickory,M
DerBear,M
Pendragon,M
NeroSchiz,M
Slandy,U
Anthiable,M
LKT,U
Billy,M
NANI,M
Flux,U
BazookaJoe,M
Tweety,M
Kreg,M
Gary,M
MTB,M
Fraudit,M
Rossco,M
SnakeOil,M
J3,M
Spirit,M
Yuuta Sai,M
TMPR,M
Rei,M
Clover,M
TrooBoom,M
BFP,M
NebrasKen,M
Hambone,M
Captain E,M
KWINSTON,M
Pitfall,M
Hyphn,M
Creek,M
Dadede,M
Lepotatochip,M
Musaman,M
Vaun,M
Nothe,M
Tugboat,M
pm,M
HecticBirb,M
JellBorne_Angel,M
bosspizza05,M
Shrimpy,M
IX,M
Outfoxd,M
Spar,M
Draxonis,M
Jbwebb,M
Avery,M
jebby,M
Acarcion,M
Hecc,M
Styx,M
Templeton,M
Hazel,F
joyconbro,M
Skull,M
NessLee,M
Jax,M
Flexecution,M
Jpeg,M
floW,M
emmecks,M
DR.Dew,M
Roo,M
Fenix,M
Koebel,M
Tsuki,M
Thymos,M
Goofis,M
angeldove,M
Odie,U
JoshawottQ,M
JCLtheking,M
Angel Hours,M
Prince Cob,M
Quetip,M
RadioactiveDog,M
XMJ,M
DrewKu,M
Crash101,M
Huk,M
RonyManz,M
BearSeal,M
DekuScrub098,M
Locke,M
NessDan,M
ShyDude,M
Anthot,M
Kong-O,M
Squidnow,M
Yosh,M
Spearstorms,M
PK,M
IdArmed,M
Kief,M
drewedish,M
DPSD,M
Acey,M
sango,M
KingKaiyasu,M
Brauny,M
EqAK,M
Van,M
Garcon,M
ZLEDR,M
NoName,M
podgy,M
Killer Queen,F
KingFisher,M
KingFisher,M
Lotus,M
sock,M
Language,M
Flyzone,M
tonydaturtle,M
McNug,M
Hi Im Kyle,M
SLIVR,M
Shark,M
Melon,M
smallcpu,M
King Tuk,M
bhart,M
Lewt,M
Jose Queervo,M
Koter,M
Strawberryabs,M
Oof,M
Spixel,M
DismalAmoeba,M
Grump,M
Konyuna,M
tai,F
MO,M
TeKu,M
Clap,M
Jmak,M
Nova,M
Bites,M
Sleazy,M
C2B,M
Tiny,M
MamaBratt,F
Sego,M
Blenderer,M
Flinzul,M
GJ27,U
K0nja,M
Grendue,M
Kor,M
Bean,M
Col,M
YoBroOreos,M
Dad?,M
Cinema,M
Sage Yubei,M
GMoney,M
KaseKlosed,M
jbow,M
Kong-O,M
RayRay,M
Eyes,M
Beamed,M
CRSDCrusader,M
J64,M
Lantas,M
Blue,U
PlasticBag,M
Lyric,F
pink,M
Judge,M
Medio,M
BiM,M
Con,M
Red John,M
ROOMUCHDOG,M
Typhoon0905,M
Valeera,M
Nugget,M
Chez,M
Birch,M
jackattack642,M
R.A.G.E,M
MAGNUMDOG,M
Linksory,M
RetroFluff,M
cheesecake,M
banquo,M
Watts,M
glick,M
DreaM,M
Stev,M
Abiotic,M
MR. Swazzey,M
Captain Anxiety,M
unyon,M
KidFrankie,M
SamuraiPanda,M
Spookyfile,M
Asylum,M
PartyCup,M
Daj,M
Net,M
Bum,M
Backfire,M
JD,M
Haunting,M
Europa,M
IV,M
Vinyl LP,M
J Sizzle,M
Indi Gogh,M
Jayde,M
Snapz,M
Wahsu,M
Licht,M
bEaNs,M
Mr. J,M
Joe,M
PK Anti,M
Surprasm,M
Naroghin,M
Koh,M
Paris,M
MR_Malware,M
MegaMito,M
mil,M
Dash,M
Leizce,F
ShockWire,M
Ezabler,M
MSN SPLASH,M
Puffo,M
Kriswald,M
Banette,M
CharlesOnFire,M
ADSR,M
meowmix,M
Creative Joke,M
Flair,M
a laser dolphin,M
ChallengerSub,M
1seven0,M
Suun,M
Meme Manifest,M
Meetch,M
Duke,M
DAIRCAT,M
Clunko,M
Count Bleck,M
jaggy,M
SAIYAMAN,M
Arc,M
Zila,M
Zectrim,M
Cdub,M
mugen,M
Shaggy AF,M
TyloRed,M
Giacomo,M
Zaniel,M
LyricL,M
FurryHunter,M
~Kira~,F
LVL3CPU,M
JPPTheGreat,M
ELBO,M
Monkeyasu,M
Brice,M
Script,M
Meden,M
AnarKhy,M
CompletelyWild,M
Eggs,M
AtoyK,M
Danfrost,M
Ch33k$,M
Geoberos,M
PP MAN,M
Jazz-E,M
Merchant,M
Windows,M
cHomper,M
Blank-,M
MaDShadow,M
Beacon,M
Aronskii,M
Melody,F
March,M
Angelic,F
Pix,M
RektRyan,M
Van Jones,M
VillainInGlasses,M
Petesta,M
Exodus,M
CaptainPicard,M
Lyoko,M
Buzz,M
Polywow44,M
Super Sonic,M
ThrownOrc,M
PL,M
CeceilND,M
PooNasty,M
Avalon313,M
GoupLineSoup,M
tilted,M
Jasper,M
Gurg7,M
Smithers,M
Fusuy,M
TRILLPMT,M
Sad Meme,M
-Z-,M
Insanity,M
Ggjeed,M
Saori,M
X-Raven,M
reZSSpect,M
Dahci,M
Sbeney,M
TheFoo,M
Stevegthe3,M
Roca18,M
K-Grizz,M
JimmyDehesus,M
Jellis,M
LoganMaz,M
Skreex,M
mewtwobaws,M
Trace,M
REDJOHN,M
Stewps,M
bitterlove,M
Nova,M
Techfest,M
PKJ,M
lANGELl,F
Jackal,M
Barllie,M
ShyBlue,M
Nerdy52,M
rosettastonecold,M
BantamPhoenix,F
JayZetti,M
Pride,M
PoTsY,M
Strife,M
johnnycococola,M
Salvus,M
Taiidan,M
Qazzy,M
Haram,M
moonred4000,M
LORE,M
Ryoumi,M
Seraphim,M
Jonald,M
Socks,M
Mcjolnir,M
PewPewPatrol,M
Camp,M
PugCartel,M
Yung matteo,M
ZRose,M
KZCrow,M
Faty,M
Cathu,M
2Tacos,M
d20love,F
Flicker,M
Exile,M
kotar,M
GOAT Aaton,M
Noddy,F
Lio,M
Jordevio,M
LouMoney,M
Yo-Han,M
Wayne Bishop,M
HAM,M
TyloRed,M
Galcan,M
Gunson,M
KitSu,M
Interra,M
Driplord,M
Neon,M
Mickel,M
dano,M
